{
  "hash": "673a5ed2",
  "configHash": "3bce3735",
  "lockfileHash": "8e07c8a4",
  "browserHash": "871f4fec",
  "optimized": {
    "@angular/common": {
      "src": "../../../../../../node_modules/@angular/common/fesm2022/common.mjs",
      "file": "@angular_common.js",
      "fileHash": "d5ca879c",
      "needsInterop": false
    },
    "@angular/common/locales/de-CH": {
      "src": "../../../../../../node_modules/@angular/common/locales/de-CH.mjs",
      "file": "@angular_common_locales_de-CH.js",
      "fileHash": "10f1b9cf",
      "needsInterop": false
    },
    "@angular/core": {
      "src": "../../../../../../node_modules/@angular/core/fesm2022/core.mjs",
      "file": "@angular_core.js",
      "fileHash": "9b631c4e",
      "needsInterop": false
    },
    "@angular/material/button": {
      "src": "../../../../../../node_modules/@angular/material/fesm2022/button.mjs",
      "file": "@angular_material_button.js",
      "fileHash": "566a778c",
      "needsInterop": false
    },
    "@angular/material/card": {
      "src": "../../../../../../node_modules/@angular/material/fesm2022/card.mjs",
      "file": "@angular_material_card.js",
      "fileHash": "1c39ae3c",
      "needsInterop": false
    },
    "@angular/material/icon": {
      "src": "../../../../../../node_modules/@angular/material/fesm2022/icon.mjs",
      "file": "@angular_material_icon.js",
      "fileHash": "36cd6ae4",
      "needsInterop": false
    },
    "@angular/material/snack-bar": {
      "src": "../../../../../../node_modules/@angular/material/fesm2022/snack-bar.mjs",
      "file": "@angular_material_snack-bar.js",
      "fileHash": "7bb98970",
      "needsInterop": false
    },
    "@angular/material/toolbar": {
      "src": "../../../../../../node_modules/@angular/material/fesm2022/toolbar.mjs",
      "file": "@angular_material_toolbar.js",
      "fileHash": "db0616d8",
      "needsInterop": false
    },
    "@angular/platform-browser": {
      "src": "../../../../../../node_modules/@angular/platform-browser/fesm2022/platform-browser.mjs",
      "file": "@angular_platform-browser.js",
      "fileHash": "38b16e10",
      "needsInterop": false
    },
    "@angular/router": {
      "src": "../../../../../../node_modules/@angular/router/fesm2022/router.mjs",
      "file": "@angular_router.js",
      "fileHash": "d0bd0416",
      "needsInterop": false
    },
    "rxjs": {
      "src": "../../../../../../node_modules/rxjs/dist/esm5/index.js",
      "file": "rxjs.js",
      "fileHash": "ff9077a1",
      "needsInterop": false
    }
  },
  "chunks": {
    "chunk-YLXWZSOD": {
      "file": "chunk-YLXWZSOD.js"
    },
    "chunk-6H4MY53B": {
      "file": "chunk-6H4MY53B.js"
    },
    "chunk-IQ4G6HWJ": {
      "file": "chunk-IQ4G6HWJ.js"
    },
    "chunk-QOBP7IFJ": {
      "file": "chunk-QOBP7IFJ.js"
    },
    "chunk-6C5XKRSM": {
      "file": "chunk-6C5XKRSM.js"
    },
    "chunk-P6U2JBMQ": {
      "file": "chunk-P6U2JBMQ.js"
    },
    "chunk-WDMUDEB6": {
      "file": "chunk-WDMUDEB6.js"
    }
  }
}